category_1,category_2,co_count
bed_bath_table,furniture_decor,795.0
bed_bath_table,sports_leisure,775.0
furniture_decor,sports_leisure,681.0
bed_bath_table,health_beauty,655.0
housewares,sports_leisure,632.0
bed_bath_table,housewares,628.0
health_beauty,sports_leisure,617.0
furniture_decor,housewares,582.0
furniture_decor,health_beauty,566.0
health_beauty,housewares,529.0
auto,bed_bath_table,506.0
auto,sports_leisure,497.0
bed_bath_table,computers_accessories,488.0
auto,furniture_decor,449.0
computers_accessories,sports_leisure,432.0
computers_accessories,furniture_decor,424.0
auto,health_beauty,418.0
bed_bath_table,toys,412.0
auto,housewares,396.0
sports_leisure,toys,385.0
bed_bath_table,watches_gifts,382.0
computers_accessories,housewares,370.0
sports_leisure,watches_gifts,363.0
computers_accessories,health_beauty,359.0
furniture_decor,toys,352.0
furniture_decor,watches_gifts,338.0
bed_bath_table,telephony,332.0
health_beauty,watches_gifts,328.0
health_beauty,toys,324.0
housewares,toys,306.0
sports_leisure,telephony,291.0
housewares,watches_gifts,291.0
auto,computers_accessories,276.0
furniture_decor,telephony,276.0
health_beauty,telephony,273.0
baby,bed_bath_table,262.0
auto,watches_gifts,258.0
bed_bath_table,stationery,256.0
housewares,telephony,253.0
fashion_bags_accessories,sports_leisure,250.0
baby,furniture_decor,245.0
auto,toys,238.0
perfumery,sports_leisure,237.0
bed_bath_table,perfumery,237.0
baby,sports_leisure,233.0
bed_bath_table,fashion_bags_accessories,228.0
computers_accessories,toys,225.0
computers_accessories,watches_gifts,218.0
furniture_decor,perfumery,218.0
sports_leisure,stationery,217.0
furniture_decor,stationery,217.0
housewares,stationery,208.0
fashion_bags_accessories,health_beauty,206.0
auto,telephony,204.0
pet_shop,sports_leisure,203.0
garden_tools,sports_leisure,203.0
baby,health_beauty,202.0
cool_stuff,furniture_decor,201.0
cool_stuff,sports_leisure,201.0
health_beauty,perfumery,201.0
bed_bath_table,garden_tools,200.0
bed_bath_table,cool_stuff,200.0
furniture_decor,garden_tools,199.0
fashion_bags_accessories,furniture_decor,196.0
toys,watches_gifts,195.0
bed_bath_table,pet_shop,193.0
baby,housewares,192.0
cool_stuff,health_beauty,187.0
health_beauty,stationery,185.0
computers_accessories,telephony,178.0
garden_tools,housewares,177.0
housewares,perfumery,176.0
bed_bath_table,unknown,174.0
health_beauty,pet_shop,174.0
garden_tools,health_beauty,172.0
fashion_bags_accessories,housewares,171.0
housewares,pet_shop,171.0
auto,baby,170.0
sports_leisure,unknown,169.0
cool_stuff,housewares,169.0
furniture_decor,pet_shop,160.0
auto,stationery,158.0
auto,fashion_bags_accessories,156.0
telephony,toys,148.0
auto,garden_tools,147.0
auto,cool_stuff,147.0
computers_accessories,perfumery,146.0
auto,pet_shop,145.0
housewares,unknown,144.0
baby,toys,141.0
furniture_decor,unknown,139.0
telephony,watches_gifts,138.0
electronics,sports_leisure,137.0
bed_bath_table,electronics,136.0
baby,computers_accessories,135.0
auto,perfumery,134.0
health_beauty,unknown,133.0
computers_accessories,fashion_bags_accessories,133.0
computers_accessories,garden_tools,132.0
computers_accessories,cool_stuff,129.0
baby,watches_gifts,128.0
computers_accessories,pet_shop,127.0
electronics,furniture_decor,124.0
computers_accessories,stationery,121.0
fashion_bags_accessories,toys,119.0
perfumery,toys,116.0
stationery,toys,115.0
perfumery,telephony,113.0
construction_tools_construction,sports_leisure,111.0
stationery,watches_gifts,110.0
fashion_bags_accessories,watches_gifts,108.0
garden_tools,toys,107.0
luggage_accessories,sports_leisure,107.0
perfumery,watches_gifts,106.0
electronics,housewares,105.0
garden_tools,watches_gifts,104.0
bed_bath_table,luggage_accessories,104.0
bed_bath_table,construction_tools_construction,104.0
bed_bath_table,musical_instruments,103.0
stationery,telephony,102.0
electronics,health_beauty,101.0
baby,telephony,100.0
auto,electronics,100.0
pet_shop,toys,100.0
garden_tools,telephony,96.0
auto,construction_tools_construction,96.0
construction_tools_construction,furniture_decor,95.0
consoles_games,sports_leisure,94.0
home_appliances,sports_leisure,94.0
toys,unknown,94.0
fashion_bags_accessories,telephony,93.0
bed_bath_table,office_furniture,92.0
cool_stuff,watches_gifts,91.0
bed_bath_table,consoles_games,90.0
construction_tools_construction,health_beauty,90.0
cool_stuff,toys,89.0
pet_shop,watches_gifts,88.0
computers_accessories,electronics,88.0
baby,cool_stuff,87.0
furniture_decor,home_appliances,87.0
unknown,watches_gifts,87.0
health_beauty,home_appliances,85.0
cool_stuff,telephony,85.0
health_beauty,luggage_accessories,84.0
auto,unknown,83.0
bed_bath_table,home_appliances,83.0
consoles_games,furniture_decor,83.0
home_appliances,housewares,82.0
construction_tools_construction,housewares,80.0
musical_instruments,sports_leisure,80.0
baby,garden_tools,79.0
computers_accessories,unknown,78.0
office_furniture,sports_leisure,77.0
baby,perfumery,77.0
furniture_decor,office_furniture,76.0
furniture_decor,musical_instruments,76.0
auto,luggage_accessories,76.0
fashion_bags_accessories,perfumery,76.0
electronics,watches_gifts,76.0
furniture_decor,luggage_accessories,75.0
pet_shop,telephony,75.0
health_beauty,musical_instruments,73.0
baby,fashion_bags_accessories,73.0
bed_bath_table,home_confort,71.0
computers_accessories,construction_tools_construction,71.0
fashion_bags_accessories,stationery,70.0
auto,home_appliances,69.0
telephony,unknown,68.0
baby,stationery,68.0
home_construction,sports_leisure,67.0
cool_stuff,perfumery,67.0
consoles_games,health_beauty,66.0
garden_tools,perfumery,65.0
health_beauty,office_furniture,64.0
housewares,office_furniture,64.0
furniture_decor,home_construction,64.0
electronics,toys,63.0
fashion_bags_accessories,unknown,63.0
cool_stuff,fashion_bags_accessories,62.0
bed_bath_table,home_construction,62.0
bed_bath_table,small_appliances,62.0
health_beauty,small_appliances,62.0
auto,consoles_games,62.0
consoles_games,housewares,61.0
pet_shop,stationery,61.0
bed_bath_table,books_general_interest,61.0
baby,unknown,61.0
housewares,luggage_accessories,60.0
computers_accessories,consoles_games,60.0
cool_stuff,stationery,60.0
perfumery,pet_shop,60.0
garden_tools,pet_shop,59.0
construction_tools_construction,telephony,59.0
perfumery,stationery,58.0
housewares,small_appliances,57.0
books_general_interest,housewares,57.0
furniture_decor,small_appliances,57.0
bed_bath_table,furniture_living_room,56.0
construction_tools_construction,toys,56.0
construction_tools_construction,watches_gifts,56.0
fashion_shoes,health_beauty,56.0
baby,pet_shop,56.0
books_general_interest,sports_leisure,54.0
fashion_bags_accessories,pet_shop,53.0
auto,musical_instruments,53.0
home_appliances,watches_gifts,53.0
garden_tools,stationery,53.0
books_general_interest,furniture_decor,52.0
auto,office_furniture,52.0
small_appliances,sports_leisure,52.0
cool_stuff,garden_tools,52.0
computers_accessories,office_furniture,52.0
bed_bath_table,fashion_shoes,51.0
housewares,musical_instruments,51.0
computers_accessories,home_appliances,51.0
garden_tools,unknown,49.0
computers_accessories,musical_instruments,49.0
computers_accessories,luggage_accessories,49.0
electronics,stationery,49.0
perfumery,unknown,48.0
fashion_shoes,sports_leisure,48.0
fashion_bags_accessories,garden_tools,47.0
home_appliances,toys,46.0
books_general_interest,health_beauty,46.0
health_beauty,home_construction,46.0
luggage_accessories,toys,46.0
stationery,unknown,46.0
home_construction,housewares,45.0
electronics,perfumery,45.0
office_furniture,toys,44.0
electronics,telephony,44.0
baby,electronics,43.0
musical_instruments,toys,42.0
electronics,fashion_bags_accessories,42.0
auto,small_appliances,42.0
pet_shop,unknown,42.0
luggage_accessories,stationery,42.0
office_furniture,watches_gifts,41.0
fixed_telephony,furniture_decor,41.0
auto,books_general_interest,41.0
furniture_decor,furniture_living_room,40.0
small_appliances,toys,40.0
luggage_accessories,watches_gifts,40.0
construction_tools_construction,cool_stuff,40.0
consoles_games,toys,40.0
furniture_living_room,health_beauty,39.0
cool_stuff,unknown,39.0
consoles_games,watches_gifts,39.0
furniture_living_room,housewares,38.0
small_appliances,watches_gifts,38.0
fixed_telephony,housewares,38.0
fashion_bags_accessories,home_appliances,38.0
auto,home_construction,38.0
computers_accessories,small_appliances,37.0
fixed_telephony,sports_leisure,37.0
air_conditioning,bed_bath_table,37.0
furniture_living_room,sports_leisure,37.0
furniture_decor,home_confort,37.0
construction_tools_construction,perfumery,37.0
construction_tools_construction,pet_shop,37.0
baby,construction_tools_construction,36.0
air_conditioning,sports_leisure,36.0
cool_stuff,electronics,36.0
construction_tools_construction,stationery,36.0
computers_accessories,home_construction,35.0
bed_bath_table,market_place,35.0
baby,home_appliances,35.0
musical_instruments,watches_gifts,35.0
books_general_interest,toys,34.0
market_place,sports_leisure,34.0
luggage_accessories,telephony,34.0
garden_tools,luggage_accessories,34.0
fashion_bags_accessories,luggage_accessories,34.0
home_construction,toys,34.0
air_conditioning,housewares,33.0
electronics,unknown,33.0
electronics,garden_tools,33.0
baby,luggage_accessories,33.0
furniture_living_room,toys,33.0
fashion_shoes,housewares,33.0
fashion_shoes,furniture_decor,33.0
books_technical,sports_leisure,32.0
books_general_interest,watches_gifts,32.0
baby,office_furniture,32.0
cool_stuff,pet_shop,32.0
books_general_interest,computers_accessories,32.0
baby,small_appliances,31.0
baby,consoles_games,31.0
electronics,pet_shop,31.0
home_confort,sports_leisure,31.0
air_conditioning,furniture_decor,31.0
home_appliances,telephony,30.0
musical_instruments,perfumery,30.0
auto,furniture_living_room,30.0
consoles_games,garden_tools,30.0
books_general_interest,telephony,30.0
garden_tools,office_furniture,30.0
bed_bath_table,costruction_tools_garden,30.0
cool_stuff,home_appliances,30.0
air_conditioning,health_beauty,29.0
musical_instruments,telephony,29.0
office_furniture,perfumery,29.0
fashion_bags_accessories,musical_instruments,29.0
bed_bath_table,fixed_telephony,29.0
luggage_accessories,perfumery,29.0
garden_tools,musical_instruments,29.0
bed_bath_table,books_technical,29.0
garden_tools,home_appliances,29.0
construction_tools_lights,furniture_decor,28.0
bed_bath_table,home_appliances_2,28.0
bed_bath_table,food_drink,28.0
kitchen_dining_laundry_garden_furniture,sports_leisure,28.0
consoles_games,perfumery,28.0
construction_tools_construction,garden_tools,28.0
home_appliances,stationery,28.0
home_appliances,unknown,28.0
food_drink,furniture_decor,28.0
fashion_male_clothing,sports_leisure,27.0
auto,fashion_shoes,27.0
baby,home_construction,27.0
food_drink,sports_leisure,27.0
food_drink,health_beauty,27.0
home_appliances,perfumery,27.0
bed_bath_table,construction_tools_safety,27.0
office_furniture,telephony,26.0
home_construction,watches_gifts,26.0
consoles_games,telephony,26.0
health_beauty,market_place,26.0
garden_tools,home_construction,26.0
signaling_and_security,sports_leisure,26.0
home_appliances_2,sports_leisure,26.0
construction_tools_safety,sports_leisure,26.0
health_beauty,kitchen_dining_laundry_garden_furniture,25.0
furniture_decor,market_place,25.0
construction_tools_construction,unknown,25.0
bed_bath_table,drinks,25.0
books_technical,health_beauty,25.0
office_furniture,unknown,25.0
air_conditioning,auto,24.0
fashion_male_clothing,housewares,24.0
fashion_shoes,toys,24.0
cool_stuff,musical_instruments,24.0
food,furniture_decor,24.0
consoles_games,pet_shop,24.0
agro_industry_and_commerce,furniture_decor,23.0
costruction_tools_garden,furniture_decor,23.0
auto,fixed_telephony,23.0
costruction_tools_garden,health_beauty,23.0
cool_stuff,home_construction,23.0
housewares,signaling_and_security,23.0
cool_stuff,small_appliances,23.0
bed_bath_table,fashion_male_clothing,23.0
construction_tools_lights,sports_leisure,23.0
furniture_decor,home_appliances_2,23.0
construction_tools_construction,fashion_bags_accessories,23.0
food,sports_leisure,23.0
fashion_shoes,watches_gifts,23.0
auto,home_confort,23.0
housewares,market_place,23.0
fashion_male_clothing,health_beauty,22.0
auto,fashion_male_clothing,22.0
home_appliances,pet_shop,22.0
furniture_decor,kitchen_dining_laundry_garden_furniture,22.0
bed_bath_table,industry_commerce_and_business,22.0
bed_bath_table,kitchen_dining_laundry_garden_furniture,22.0
computers_accessories,home_confort,22.0
fashion_shoes,perfumery,22.0
home_confort,housewares,22.0
baby,books_general_interest,22.0
consoles_games,stationery,22.0
consoles_games,cool_stuff,22.0
consoles_games,fashion_bags_accessories,22.0
books_technical,housewares,22.0
cool_stuff,office_furniture,22.0
home_appliances,luggage_accessories,21.0
baby,furniture_living_room,21.0
books_general_interest,stationery,21.0
musical_instruments,stationery,21.0
computers_accessories,fashion_male_clothing,21.0
musical_instruments,pet_shop,21.0
construction_tools_lights,health_beauty,21.0
computers_accessories,food,21.0
computers_accessories,furniture_living_room,21.0
books_technical,furniture_decor,21.0
air_conditioning,telephony,21.0
furniture_decor,signaling_and_security,21.0
baby,musical_instruments,21.0
housewares,kitchen_dining_laundry_garden_furniture,21.0
luggage_accessories,pet_shop,21.0
food_drink,housewares,21.0
agro_industry_and_commerce,health_beauty,20.0
construction_tools_safety,furniture_decor,20.0
fashion_bags_accessories,office_furniture,20.0
luggage_accessories,unknown,20.0
health_beauty,home_confort,20.0
consoles_games,unknown,20.0
books_general_interest,pet_shop,20.0
furniture_living_room,telephony,20.0
electronics,luggage_accessories,20.0
computers_accessories,market_place,20.0
bed_bath_table,christmas_supplies,20.0
construction_tools_construction,electronics,20.0
computers_accessories,fashion_shoes,20.0
air_conditioning,toys,20.0
books_technical,computers_accessories,20.0
bed_bath_table,signaling_and_security,19.0
costruction_tools_garden,sports_leisure,19.0
office_furniture,stationery,19.0
kitchen_dining_laundry_garden_furniture,toys,19.0
electronics,home_appliances,19.0
pet_shop,small_appliances,19.0
construction_tools_lights,housewares,19.0
art,sports_leisure,19.0
fashion_bags_accessories,home_construction,19.0
home_construction,stationery,19.0
furniture_decor,industry_commerce_and_business,19.0
fashion_male_clothing,furniture_decor,18.0
home_confort,watches_gifts,18.0
small_appliances,unknown,18.0
construction_tools_safety,housewares,18.0
bed_bath_table,food,18.0
art,furniture_decor,18.0
home_construction,telephony,18.0
drinks,housewares,18.0
drinks,furniture_decor,18.0
computers_accessories,food_drink,17.0
construction_tools_safety,health_beauty,17.0
books_general_interest,garden_tools,17.0
home_construction,perfumery,17.0
books_general_interest,perfumery,17.0
health_beauty,signaling_and_security,17.0
fixed_telephony,health_beauty,17.0
christmas_supplies,furniture_decor,17.0
christmas_supplies,health_beauty,17.0
fashion_shoes,telephony,17.0
industry_commerce_and_business,sports_leisure,17.0
auto,drinks,17.0
dvds_blu_ray,sports_leisure,17.0
consoles_games,electronics,17.0
christmas_supplies,sports_leisure,17.0
fashion_shoes,unknown,17.0
office_furniture,pet_shop,17.0
small_appliances,telephony,17.0
agro_industry_and_commerce,bed_bath_table,16.0
bed_bath_table,construction_tools_lights,16.0
furniture_living_room,watches_gifts,16.0
home_appliances_2,housewares,16.0
books_general_interest,cool_stuff,16.0
christmas_supplies,computers_accessories,16.0
computers_accessories,kitchen_dining_laundry_garden_furniture,16.0
cool_stuff,luggage_accessories,16.0
books_technical,fashion_bags_accessories,16.0
baby,fashion_shoes,16.0
food,health_beauty,16.0
fashion_bags_accessories,furniture_living_room,16.0
kitchen_dining_laundry_garden_furniture,watches_gifts,16.0
auto,books_technical,16.0
audio,sports_leisure,16.0
books_technical,watches_gifts,16.0
auto,food_drink,16.0
perfumery,small_appliances,15.0
construction_tools_construction,home_construction,15.0
construction_tools_construction,luggage_accessories,15.0
electronics,office_furniture,15.0
fashion_underwear_beach,sports_leisure,15.0
fixed_telephony,toys,15.0
auto,kitchen_dining_laundry_garden_furniture,15.0
auto,costruction_tools_garden,15.0
auto,construction_tools_safety,15.0
furniture_living_room,perfumery,15.0
bed_bath_table,furniture_bedroom,15.0
furniture_living_room,garden_tools,15.0
fixed_telephony,telephony,15.0
fashion_bags_accessories,small_appliances,14.0
audio,health_beauty,14.0
fashion_shoes,pet_shop,14.0
auto,market_place,14.0
home_appliances,office_furniture,14.0
audio,bed_bath_table,14.0
computers_accessories,signaling_and_security,14.0
furniture_living_room,unknown,14.0
drinks,health_beauty,14.0
electronics,musical_instruments,14.0
home_construction,pet_shop,14.0
computers_accessories,home_appliances_2,14.0
electronics,small_appliances,14.0
fashion_shoes,garden_tools,14.0
consoles_games,construction_tools_construction,14.0
home_confort,toys,14.0
fixed_telephony,watches_gifts,14.0
computers_accessories,fixed_telephony,14.0
books_general_interest,fashion_bags_accessories,14.0
auto,construction_tools_lights,14.0
air_conditioning,baby,14.0
bed_bath_table,fashion_underwear_beach,14.0
signaling_and_security,telephony,14.0
baby,costruction_tools_garden,14.0
health_beauty,home_appliances_2,14.0
construction_tools_construction,home_appliances,14.0
computers_accessories,dvds_blu_ray,14.0
home_construction,office_furniture,14.0
musical_instruments,unknown,14.0
fashion_underwear_beach,furniture_decor,14.0
drinks,sports_leisure,13.0
signaling_and_security,watches_gifts,13.0
signaling_and_security,toys,13.0
art,health_beauty,13.0
air_conditioning,computers_accessories,13.0
art,bed_bath_table,13.0
auto,signaling_and_security,13.0
home_construction,luggage_accessories,13.0
market_place,perfumery,13.0
food_drink,toys,13.0
air_conditioning,garden_tools,13.0
books_technical,stationery,13.0
industry_commerce_and_business,toys,13.0
christmas_supplies,housewares,13.0
computers,housewares,13.0
auto,industry_commerce_and_business,13.0
audio,furniture_decor,13.0
costruction_tools_garden,housewares,13.0
auto,fashion_underwear_beach,13.0
costruction_tools_garden,telephony,13.0
computers_accessories,construction_tools_safety,13.0
agro_industry_and_commerce,sports_leisure,13.0
agro_industry_and_commerce,auto,13.0
agro_industry_and_commerce,computers_accessories,13.0
dvds_blu_ray,health_beauty,12.0
dvds_blu_ray,furniture_decor,12.0
air_conditioning,stationery,12.0
audio,watches_gifts,12.0
auto,home_appliances_2,12.0
auto,christmas_supplies,12.0
bed_bath_table,costruction_tools_tools,12.0
books_technical,cool_stuff,12.0
baby,home_confort,12.0
small_appliances,stationery,12.0
baby,construction_tools_lights,12.0
market_place,toys,12.0
market_place,watches_gifts,12.0
fashion_shoes,stationery,12.0
fashion_underwear_beach,stationery,12.0
food,housewares,12.0
garden_tools,small_appliances,12.0
furniture_bedroom,housewares,12.0
home_appliances_2,toys,12.0
computers_accessories,drinks,12.0
home_appliances_2,watches_gifts,12.0
kitchen_dining_laundry_garden_furniture,telephony,12.0
books_technical,pet_shop,12.0
furniture_bedroom,sports_leisure,12.0
costruction_tools_garden,fashion_bags_accessories,12.0
fashion_male_clothing,telephony,12.0
construction_tools_safety,telephony,12.0
fashion_bags_accessories,market_place,12.0
construction_tools_safety,perfumery,12.0
auto,food,11.0
home_appliances,small_appliances,11.0
housewares,industry_commerce_and_business,11.0
computers,furniture_decor,11.0
computers_accessories,construction_tools_lights,11.0
furniture_bedroom,furniture_decor,11.0
construction_tools_safety,toys,11.0
fixed_telephony,perfumery,11.0
fashion_male_clothing,watches_gifts,11.0
food,watches_gifts,11.0
fashion_bags_accessories,fashion_shoes,11.0
construction_tools_lights,pet_shop,11.0
construction_tools_lights,telephony,11.0
construction_tools_lights,watches_gifts,11.0
books_technical,telephony,11.0
luggage_accessories,small_appliances,11.0
air_conditioning,perfumery,11.0
air_conditioning,watches_gifts,11.0
baby,construction_tools_safety,11.0
bed_bath_table,small_appliances_home_oven_and_coffee,11.0
agro_industry_and_commerce,watches_gifts,11.0
bed_bath_table,cine_photo,11.0
art,auto,11.0
air_conditioning,cool_stuff,11.0
auto,furniture_bedroom,10.0
baby,industry_commerce_and_business,10.0
bed_bath_table,books_imported,10.0
fixed_telephony,garden_tools,10.0
food_drink,perfumery,10.0
furniture_living_room,stationery,10.0
cool_stuff,fixed_telephony,10.0
construction_tools_lights,stationery,10.0
fashion_bags_accessories,fashion_male_clothing,10.0
construction_tools_lights,toys,10.0
fixed_telephony,pet_shop,10.0
costruction_tools_garden,watches_gifts,10.0
computers_accessories,costruction_tools_tools,10.0
home_confort,pet_shop,10.0
home_appliances,musical_instruments,10.0
home_appliances,home_construction,10.0
construction_tools_construction,musical_instruments,10.0
construction_tools_construction,office_furniture,10.0
home_construction,unknown,10.0
books_general_interest,electronics,10.0
electronics,furniture_living_room,10.0
audio,auto,10.0
agro_industry_and_commerce,toys,10.0
drinks,watches_gifts,10.0
audio,housewares,10.0
drinks,toys,10.0
books_technical,perfumery,10.0
consoles_games,home_appliances,10.0
home_confort,perfumery,10.0
computers_accessories,costruction_tools_garden,10.0
kitchen_dining_laundry_garden_furniture,stationery,10.0
christmas_supplies,watches_gifts,10.0
home_construction,small_appliances,10.0
luggage_accessories,office_furniture,10.0
market_place,telephony,10.0
drinks,stationery,9.0
books_technical,electronics,9.0
costruction_tools_tools,telephony,9.0
electronics,fashion_shoes,9.0
bed_bath_table,party_supplies,9.0
books_general_interest,unknown,9.0
dvds_blu_ray,housewares,9.0
bed_bath_table,fashio_female_clothing,9.0
art,housewares,9.0
air_conditioning,fashion_bags_accessories,9.0
books_technical,toys,9.0
market_place,pet_shop,9.0
christmas_supplies,telephony,9.0
health_beauty,industry_commerce_and_business,9.0
health_beauty,small_appliances_home_oven_and_coffee,9.0
consoles_games,luggage_accessories,9.0
costruction_tools_tools,health_beauty,9.0
home_confort,unknown,9.0
computers_accessories,fashion_underwear_beach,9.0
computers_accessories,furniture_bedroom,9.0
computers,health_beauty,9.0
cool_stuff,fashion_shoes,9.0
construction_tools_safety,stationery,9.0
costruction_tools_garden,toys,9.0
furniture_living_room,pet_shop,9.0
garden_tools,kitchen_dining_laundry_garden_furniture,9.0
food_drink,telephony,9.0
costruction_tools_garden,unknown,9.0
cool_stuff,kitchen_dining_laundry_garden_furniture,9.0
cool_stuff,home_confort,9.0
fashion_underwear_beach,housewares,9.0
fashion_underwear_beach,watches_gifts,9.0
fashion_underwear_beach,health_beauty,9.0
agro_industry_and_commerce,housewares,8.0
food_drink,watches_gifts,8.0
food_drink,unknown,8.0
bed_bath_table,dvds_blu_ray,8.0
construction_tools_safety,watches_gifts,8.0
fashion_male_clothing,toys,8.0
fashion_male_clothing,pet_shop,8.0
food_drink,pet_shop,8.0
baby,christmas_supplies,8.0
baby,fixed_telephony,8.0
electronics,fashion_male_clothing,8.0
fashion_bags_accessories,home_appliances_2,8.0
home_confort,telephony,8.0
home_confort,stationery,8.0
industry_commerce_and_business,watches_gifts,8.0
food,toys,8.0
construction_tools_safety,fashion_bags_accessories,8.0
construction_tools_safety,electronics,8.0
food,pet_shop,8.0
food,perfumery,8.0
computers_accessories,industry_commerce_and_business,8.0
drinks,luggage_accessories,8.0
air_conditioning,home_appliances,8.0
christmas_supplies,toys,8.0
furniture_living_room,luggage_accessories,8.0
books_general_interest,musical_instruments,8.0
auto,computers,8.0
books_imported,computers_accessories,8.0
construction_tools_lights,garden_tools,8.0
construction_tools_lights,fashion_bags_accessories,8.0
books_imported,health_beauty,8.0
costruction_tools_tools,sports_leisure,8.0
costruction_tools_tools,housewares,8.0
luggage_accessories,musical_instruments,8.0
fashion_sport,furniture_decor,8.0
fashion_shoes,office_furniture,8.0
audio,computers_accessories,8.0
construction_tools_construction,fashion_shoes,8.0
construction_tools_construction,small_appliances,8.0
market_place,unknown,8.0
market_place,stationery,8.0
art,computers_accessories,8.0
diapers_and_hygiene,housewares,8.0
books_technical,office_furniture,8.0
books_technical,garden_tools,8.0
agro_industry_and_commerce,telephony,8.0
furniture_bedroom,toys,8.0
computers,sports_leisure,8.0
home_construction,musical_instruments,8.0
cine_photo,furniture_decor,7.0
fashion_male_clothing,garden_tools,7.0
fashion_male_clothing,luggage_accessories,7.0
cine_photo,sports_leisure,7.0
cool_stuff,furniture_bedroom,7.0
furniture_bedroom,health_beauty,7.0
baby,signaling_and_security,7.0
bed_bath_table,computers,7.0
costruction_tools_tools,furniture_decor,7.0
books_imported,sports_leisure,7.0
arts_and_craftmanship,health_beauty,7.0
arts_and_craftmanship,housewares,7.0
music,sports_leisure,7.0
fashion_sport,sports_leisure,7.0
consoles_games,office_furniture,7.0
electronics,signaling_and_security,7.0
consoles_games,musical_instruments,7.0
art,toys,7.0
home_appliances_2,stationery,7.0
garden_tools,home_confort,7.0
cool_stuff,signaling_and_security,7.0
fashion_bags_accessories,food,7.0
garden_tools,signaling_and_security,7.0
art,cool_stuff,7.0
cool_stuff,costruction_tools_garden,7.0
electronics,food,7.0
bed_bath_table,fashion_sport,7.0
small_appliances_home_oven_and_coffee,sports_leisure,7.0
agro_industry_and_commerce,perfumery,7.0
agro_industry_and_commerce,pet_shop,7.0
cool_stuff,furniture_living_room,7.0
fashion_male_clothing,unknown,7.0
cine_photo,health_beauty,7.0
air_conditioning,construction_tools_construction,7.0
baby,market_place,7.0
fashion_bags_accessories,food_drink,7.0
industry_commerce_and_business,telephony,7.0
christmas_supplies,pet_shop,7.0
costruction_tools_garden,musical_instruments,7.0
baby,food,7.0
costruction_tools_garden,pet_shop,7.0
construction_tools_safety,cool_stuff,7.0
cool_stuff,market_place,7.0
furniture_living_room,office_furniture,7.0
auto,music,7.0
books_general_interest,construction_tools_construction,7.0
books_general_interest,home_appliances,7.0
perfumery,signaling_and_security,7.0
electronics,home_construction,7.0
art,telephony,6.0
books_imported,furniture_decor,6.0
fashion_bags_accessories,fixed_telephony,6.0
christmas_supplies,garden_tools,6.0
art,fashion_bags_accessories,6.0
art,baby,6.0
consoles_games,home_confort,6.0
consoles_games,market_place,6.0
art,perfumery,6.0
music,telephony,6.0
fashion_underwear_beach,unknown,6.0
fashion_underwear_beach,telephony,6.0
books_imported,watches_gifts,6.0
housewares,music,6.0
home_appliances,industry_commerce_and_business,6.0
housewares,small_appliances_home_oven_and_coffee,6.0
housewares,party_supplies,6.0
furniture_bedroom,watches_gifts,6.0
fashion_male_clothing,perfumery,6.0
fashion_underwear_beach,perfumery,6.0
books_general_interest,office_furniture,6.0
audio,telephony,6.0
books_general_interest,luggage_accessories,6.0
books_general_interest,small_appliances,6.0
garden_tools,market_place,6.0
electronics,home_confort,6.0
fixed_telephony,home_appliances,6.0
fixed_telephony,luggage_accessories,6.0
fixed_telephony,stationery,6.0
fixed_telephony,unknown,6.0
bed_bath_table,portateis_cozinha_e_preparadores_de_alimentos,6.0
bed_bath_table,music,6.0
food,unknown,6.0
furniture_living_room,home_appliances,6.0
christmas_supplies,stationery,6.0
fashion_shoes,musical_instruments,6.0
fashion_shoes,home_appliances,6.0
home_confort,musical_instruments,6.0
air_conditioning,pet_shop,6.0
dvds_blu_ray,telephony,6.0
audio,toys,6.0
books_imported,housewares,6.0
construction_tools_lights,perfumery,6.0
industry_commerce_and_business,perfumery,6.0
construction_tools_safety,pet_shop,6.0
furniture_decor,small_appliances_home_oven_and_coffee,6.0
cool_stuff,drinks,6.0
furniture_decor,furniture_mattress_and_upholstery,6.0
food_drink,garden_tools,6.0
food_drink,luggage_accessories,6.0
costruction_tools_garden,stationery,6.0
baby,fashion_male_clothing,6.0
baby,furniture_bedroom,6.0
fashion_bags_accessories,home_confort,6.0
fashion_bags_accessories,industry_commerce_and_business,6.0
fashion_bags_accessories,kitchen_dining_laundry_garden_furniture,6.0
kitchen_dining_laundry_garden_furniture,perfumery,6.0
air_conditioning,electronics,6.0
cine_photo,housewares,6.0
baby,kitchen_dining_laundry_garden_furniture,6.0
fashion_bags_accessories,signaling_and_security,6.0
fashio_female_clothing,sports_leisure,6.0
small_appliances_home_oven_and_coffee,telephony,6.0
small_appliances_home_oven_and_coffee,stationery,6.0
drinks,fashion_bags_accessories,6.0
agro_industry_and_commerce,electronics,5.0
agro_industry_and_commerce,fashion_bags_accessories,5.0
agro_industry_and_commerce,garden_tools,5.0
home_construction,signaling_and_security,5.0
cool_stuff,fashion_male_clothing,5.0
cool_stuff,fashion_underwear_beach,5.0
cool_stuff,food,5.0
fashion_male_clothing,stationery,5.0
fashio_female_clothing,health_beauty,5.0
industry_commerce_and_business,office_furniture,5.0
industry_commerce_and_business,unknown,5.0
costruction_tools_garden,garden_tools,5.0
food_drink,stationery,5.0
small_appliances_home_oven_and_coffee,toys,5.0
baby,home_appliances_2,5.0
kitchen_dining_laundry_garden_furniture,pet_shop,5.0
christmas_supplies,perfumery,5.0
drinks,unknown,5.0
fashion_shoes,luggage_accessories,5.0
construction_tools_safety,unknown,5.0
bed_bath_table,diapers_and_hygiene,5.0
bed_bath_table,fashion_childrens_clothes,5.0
christmas_supplies,construction_tools_construction,5.0
home_comfort_2,telephony,5.0
home_appliances_2,telephony,5.0
baby,fashion_underwear_beach,5.0
baby,books_technical,5.0
construction_tools_safety,luggage_accessories,5.0
art,pet_shop,5.0
consoles_games,construction_tools_lights,5.0
fashion_underwear_beach,garden_tools,5.0
consoles_games,fashion_shoes,5.0
consoles_games,furniture_living_room,5.0
books_technical,luggage_accessories,5.0
signaling_and_security,unknown,5.0
musical_instruments,signaling_and_security,5.0
consoles_games,home_construction,5.0
consoles_games,home_appliances_2,5.0
construction_tools_construction,construction_tools_safety,5.0
office_furniture,signaling_and_security,5.0
construction_tools_construction,fashion_male_clothing,5.0
construction_tools_construction,food,5.0
construction_tools_construction,furniture_living_room,5.0
construction_tools_construction,home_appliances_2,5.0
food,stationery,5.0
food,telephony,5.0
cool_stuff,home_appliances_2,5.0
auto,small_appliances_home_oven_and_coffee,5.0
audio,baby,5.0
audio,fashion_bags_accessories,5.0
books_general_interest,furniture_living_room,5.0
party_supplies,toys,5.0
audio,pet_shop,5.0
books_imported,fashion_bags_accessories,5.0
electronics,home_appliances_2,5.0
electronics,kitchen_dining_laundry_garden_furniture,5.0
dvds_blu_ray,watches_gifts,5.0
electronics,market_place,5.0
costruction_tools_tools,stationery,5.0
costruction_tools_tools,toys,5.0
costruction_tools_tools,watches_gifts,5.0
food,garden_tools,5.0
auto,cine_photo,5.0
auto,books_imported,5.0
dvds_blu_ray,pet_shop,5.0
furniture_mattress_and_upholstery,sports_leisure,5.0
construction_tools_lights,unknown,5.0
auto,costruction_tools_tools,5.0
auto,dvds_blu_ray,5.0
air_conditioning,consoles_games,5.0
cine_photo,computers_accessories,5.0
cine_photo,cool_stuff,5.0
fashion_male_clothing,home_appliances,5.0
drinks,garden_tools,4.0
cine_photo,watches_gifts,4.0
cine_photo,telephony,4.0
computers,stationery,4.0
fashion_male_clothing,musical_instruments,4.0
fashion_male_clothing,home_construction,4.0
books_general_interest,market_place,4.0
auto,diapers_and_hygiene,4.0
perfumery,small_appliances_home_oven_and_coffee,4.0
dvds_blu_ray,perfumery,4.0
agro_industry_and_commerce,baby,4.0
costruction_tools_garden,home_construction,4.0
costruction_tools_garden,home_appliances,4.0
fashio_female_clothing,housewares,4.0
kitchen_dining_laundry_garden_furniture,musical_instruments,4.0
furniture_bedroom,telephony,4.0
furniture_bedroom,stationery,4.0
fashion_shoes,home_construction,4.0
construction_tools_lights,cool_stuff,4.0
auto,pc_gamer,4.0
air_conditioning,office_furniture,4.0
drinks,telephony,4.0
air_conditioning,luggage_accessories,4.0
christmas_supplies,unknown,4.0
kitchen_dining_laundry_garden_furniture,unknown,4.0
computers_accessories,music,4.0
electronics,party_supplies,4.0
books_imported,cool_stuff,4.0
construction_tools_lights,electronics,4.0
baby,dvds_blu_ray,4.0
christmas_supplies,fashion_bags_accessories,4.0
christmas_supplies,cool_stuff,4.0
fashion_shoes,small_appliances,4.0
art,consoles_games,4.0
fashion_bags_accessories,fashion_underwear_beach,4.0
party_supplies,sports_leisure,4.0
construction_tools_construction,kitchen_dining_laundry_garden_furniture,4.0
costruction_tools_tools,unknown,4.0
home_appliances_2,unknown,4.0
home_appliances_2,pet_shop,4.0
home_appliances_2,office_furniture,4.0
pet_shop,signaling_and_security,4.0
construction_tools_safety,furniture_living_room,4.0
construction_tools_construction,industry_commerce_and_business,4.0
construction_tools_safety,home_construction,4.0
furniture_decor,home_comfort_2,4.0
electronics,fixed_telephony,4.0
fashion_sport,housewares,4.0
market_place,small_appliances,4.0
computers_accessories,small_appliances_home_oven_and_coffee,4.0
computers_accessories,party_supplies,4.0
audio,cool_stuff,4.0
baby,costruction_tools_tools,4.0
baby,computers,4.0
art,watches_gifts,4.0
music,watches_gifts,4.0
music,perfumery,4.0
home_appliances,signaling_and_security,4.0
books_technical,home_appliances,4.0
consoles_games,food_drink,4.0
consoles_games,fixed_telephony,4.0
consoles_games,drinks,4.0
books_imported,toys,4.0
construction_tools_construction,fixed_telephony,4.0
books_imported,pet_shop,4.0
office_furniture,small_appliances,4.0
construction_tools_construction,costruction_tools_tools,4.0
construction_tools_construction,costruction_tools_garden,4.0
signaling_and_security,stationery,4.0
bed_bath_table,flowers,4.0
musical_instruments,small_appliances,4.0
arts_and_craftmanship,toys,4.0
arts_and_craftmanship,sports_leisure,4.0
musical_instruments,office_furniture,4.0
cine_photo,stationery,4.0
cine_photo,perfumery,4.0
home_construction,market_place,4.0
computers,computers_accessories,4.0
computers,telephony,4.0
furniture_bedroom,perfumery,4.0
agro_industry_and_commerce,stationery,4.0
agro_industry_and_commerce,unknown,3.0
computers,watches_gifts,3.0
cine_photo,musical_instruments,3.0
cool_stuff,food_drink,3.0
computers,toys,3.0
housewares,portateis_cozinha_e_preparadores_de_alimentos,3.0
housewares,tablets_printing_image,3.0
computers,consoles_games,3.0
computers,cool_stuff,3.0
agro_industry_and_commerce,cool_stuff,3.0
agro_industry_and_commerce,musical_instruments,3.0
health_beauty,tablets_printing_image,3.0
fashion_underwear_beach,pet_shop,3.0
art,stationery,3.0
books_imported,unknown,3.0
arts_and_craftmanship,furniture_decor,3.0
arts_and_craftmanship,watches_gifts,3.0
books_technical,construction_tools_construction,3.0
books_technical,fashion_shoes,3.0
consoles_games,small_appliances_home_oven_and_coffee,3.0
health_beauty,la_cuisine,3.0
health_beauty,music,3.0
health_beauty,party_supplies,3.0
signaling_and_security,small_appliances,3.0
fashion_bags_accessories,furniture_bedroom,3.0
fashion_bags_accessories,home_comfort_2,3.0
construction_tools_safety,office_furniture,3.0
construction_tools_construction,drinks,3.0
construction_tools_construction,furniture_bedroom,3.0
consoles_games,food,3.0
books_technical,market_place,3.0
books_technical,musical_instruments,3.0
costruction_tools_tools,garden_tools,3.0
music,unknown,3.0
arts_and_craftmanship,bed_bath_table,3.0
diapers_and_hygiene,sports_leisure,3.0
baby,drinks,3.0
arts_and_craftmanship,computers_accessories,3.0
art,luggage_accessories,3.0
fashion_sport,health_beauty,3.0
fashion_sport,toys,3.0
fashion_sport,unknown,3.0
fashion_sport,watches_gifts,3.0
air_conditioning,unknown,3.0
consoles_games,construction_tools_safety,3.0
consoles_games,costruction_tools_garden,3.0
market_place,office_furniture,3.0
baby,books_imported,3.0
electronics,fashion_underwear_beach,3.0
furniture_decor,music,3.0
construction_tools_safety,musical_instruments,3.0
garden_tools,small_appliances_home_oven_and_coffee,3.0
books_general_interest,costruction_tools_garden,3.0
books_general_interest,fashion_shoes,3.0
books_general_interest,fashion_underwear_beach,3.0
construction_tools_safety,garden_tools,3.0
books_general_interest,books_technical,3.0
books_general_interest,consoles_games,3.0
cool_stuff,costruction_tools_tools,3.0
home_comfort_2,sports_leisure,3.0
home_appliances_2,home_construction,3.0
market_place,musical_instruments,3.0
construction_tools_construction,signaling_and_security,3.0
party_supplies,telephony,3.0
costruction_tools_tools,luggage_accessories,3.0
fashion_bags_accessories,fashion_sport,3.0
audio,musical_instruments,3.0
audio,perfumery,3.0
diapers_and_hygiene,furniture_decor,3.0
luggage_accessories,market_place,3.0
luggage_accessories,signaling_and_security,3.0
fashion_shoes,market_place,3.0
cool_stuff,dvds_blu_ray,3.0
food_drink,office_furniture,3.0
baby,fashio_female_clothing,3.0
garden_tools,home_appliances_2,3.0
garden_tools,music,3.0
cool_stuff,tablets_printing_image,3.0
fixed_telephony,office_furniture,3.0
audio,home_construction,3.0
kitchen_dining_laundry_garden_furniture,office_furniture,3.0
drinks,home_confort,3.0
drinks,market_place,3.0
drinks,pet_shop,3.0
furniture_mattress_and_upholstery,housewares,3.0
food,home_appliances_2,3.0
food,home_confort,3.0
food,home_construction,3.0
food,musical_instruments,3.0
auto,furniture_mattress_and_upholstery,3.0
construction_tools_lights,costruction_tools_garden,3.0
fashion_shoes,home_confort,3.0
furniture_bedroom,pet_shop,3.0
furniture_bedroom,unknown,3.0
computers_accessories,fashion_sport,3.0
computers_accessories,flowers,3.0
computers_accessories,furniture_mattress_and_upholstery,3.0
industry_commerce_and_business,luggage_accessories,3.0
industry_commerce_and_business,musical_instruments,3.0
industry_commerce_and_business,pet_shop,3.0
industry_commerce_and_business,stationery,3.0
costruction_tools_garden,perfumery,3.0
audio,unknown,3.0
flowers,furniture_decor,3.0
dvds_blu_ray,office_furniture,3.0
dvds_blu_ray,toys,3.0
air_conditioning,construction_tools_safety,3.0
air_conditioning,costruction_tools_garden,3.0
computers_accessories,diapers_and_hygiene,3.0
books_general_interest,industry_commerce_and_business,3.0
books_general_interest,kitchen_dining_laundry_garden_furniture,3.0
flowers,watches_gifts,3.0
furniture_living_room,market_place,3.0
furniture_living_room,small_appliances,3.0
drinks,home_appliances,3.0
fashio_female_clothing,fashion_bags_accessories,3.0
fashio_female_clothing,furniture_decor,3.0
drinks,electronics,3.0
agro_industry_and_commerce,food,3.0
air_conditioning,fixed_telephony,3.0
air_conditioning,furniture_living_room,3.0
agro_industry_and_commerce,consoles_games,3.0
agro_industry_and_commerce,home_appliances,2.0
air_conditioning,books_imported,2.0
drinks,fashion_male_clothing,2.0
drinks,fashion_shoes,2.0
agro_industry_and_commerce,costruction_tools_garden,2.0
agro_industry_and_commerce,construction_tools_construction,2.0
air_conditioning,fashio_female_clothing,2.0
air_conditioning,fashion_male_clothing,2.0
fashion_male_clothing,small_appliances,2.0
fashion_male_clothing,small_appliances_home_oven_and_coffee,2.0
fashion_male_clothing,fashion_shoes,2.0
costruction_tools_garden,home_confort,2.0
costruction_tools_garden,luggage_accessories,2.0
computers,furniture_living_room,2.0
computers,home_appliances,2.0
computers,luggage_accessories,2.0
fashion_shoes,food_drink,2.0
fashion_shoes,home_appliances_2,2.0
air_conditioning,music,2.0
drinks,home_construction,2.0
drinks,office_furniture,2.0
drinks,perfumery,2.0
fashion_shoes,signaling_and_security,2.0
art,garden_tools,2.0
art,home_appliances,2.0
art,kitchen_dining_laundry_garden_furniture,2.0
home_construction,industry_commerce_and_business,2.0
cine_photo,electronics,2.0
fashion_sport,musical_instruments,2.0
fashion_sport,pet_shop,2.0
fashion_underwear_beach,fixed_telephony,2.0
fashio_female_clothing,garden_tools,2.0
computers,pet_shop,2.0
computers,small_appliances,2.0
arts_and_craftmanship,auto,2.0
arts_and_craftmanship,cool_stuff,2.0
dvds_blu_ray,electronics,2.0
dvds_blu_ray,fashion_bags_accessories,2.0
industry_commerce_and_business,signaling_and_security,2.0
dvds_blu_ray,garden_tools,2.0
fashion_underwear_beach,musical_instruments,2.0
arts_and_craftmanship,pet_shop,2.0
arts_and_craftmanship,stationery,2.0
arts_and_craftmanship,unknown,2.0
costruction_tools_garden,electronics,2.0
fashion_underwear_beach,toys,2.0
audio,construction_tools_construction,2.0
audio,costruction_tools_garden,2.0
audio,drinks,2.0
audio,electronics,2.0
kitchen_dining_laundry_garden_furniture,luggage_accessories,2.0
fashio_female_clothing,toys,2.0
industry_commerce_and_business,market_place,2.0
fashion_childrens_clothes,garden_tools,2.0
tablets_printing_image,watches_gifts,2.0
fixed_telephony,small_appliances,2.0
audio,furniture_bedroom,2.0
audio,home_appliances,2.0
flowers,sports_leisure,2.0
dvds_blu_ray,unknown,2.0
fixed_telephony,furniture_living_room,2.0
fixed_telephony,home_construction,2.0
fixed_telephony,musical_instruments,2.0
sports_leisure,tablets_printing_image,2.0
home_confort,home_construction,2.0
home_confort,luggage_accessories,2.0
home_confort,market_place,2.0
home_confort,office_furniture,2.0
kitchen_dining_laundry_garden_furniture,small_appliances,2.0
food,market_place,2.0
auto,party_supplies,2.0
auto,fashion_sport,2.0
auto,flowers,2.0
auto,fashio_female_clothing,2.0
flowers,toys,2.0
auto,la_cuisine,2.0
food,furniture_bedroom,2.0
food,home_appliances,2.0
diapers_and_hygiene,watches_gifts,2.0
luggage_accessories,music,2.0
christmas_supplies,consoles_games,2.0
christmas_supplies,costruction_tools_garden,2.0
home_confort,small_appliances,2.0
baby,cine_photo,2.0
cool_stuff,industry_commerce_and_business,2.0
baby,food_drink,2.0
food_drink,home_confort,2.0
baby,music,2.0
baby,party_supplies,2.0
computers_accessories,la_cuisine,2.0
small_appliances_home_oven_and_coffee,watches_gifts,2.0
food_drink,small_appliances,2.0
cool_stuff,fashion_sport,2.0
computers_accessories,tablets_printing_image,2.0
home_appliances_2,luggage_accessories,2.0
home_appliances_2,perfumery,2.0
luggage_accessories,small_appliances_home_oven_and_coffee,2.0
baby,portateis_cozinha_e_preparadores_de_alimentos,2.0
baby,small_appliances_home_oven_and_coffee,2.0
furniture_bedroom,garden_tools,2.0
furniture_bedroom,home_appliances,2.0
furniture_bedroom,luggage_accessories,2.0
home_comfort_2,toys,2.0
furniture_bedroom,small_appliances,2.0
electronics,fashio_female_clothing,2.0
furniture_decor,la_cuisine,2.0
bed_bath_table,furniture_mattress_and_upholstery,2.0
home_appliances_2,small_appliances,2.0
books_technical,unknown,2.0
fashion_bags_accessories,furniture_mattress_and_upholstery,2.0
fashion_bags_accessories,music,2.0
construction_tools_safety,small_appliances,2.0
furniture_decor,pc_gamer,2.0
furniture_decor,portateis_cozinha_e_preparadores_de_alimentos,2.0
consoles_games,diapers_and_hygiene,2.0
electronics,small_appliances_home_oven_and_coffee,2.0
construction_tools_safety,fashion_underwear_beach,2.0
construction_tools_safety,food_drink,2.0
portateis_cozinha_e_preparadores_de_alimentos,telephony,2.0
costruction_tools_tools,fashion_shoes,2.0
books_general_interest,food,2.0
furniture_mattress_and_upholstery,musical_instruments,2.0
furniture_mattress_and_upholstery,pet_shop,2.0
books_general_interest,home_confort,2.0
books_general_interest,home_construction,2.0
furniture_living_room,industry_commerce_and_business,2.0
furniture_living_room,signaling_and_security,2.0
books_imported,consoles_games,2.0
home_appliances,home_appliances_2,2.0
home_appliances,home_confort,2.0
furniture_mattress_and_upholstery,health_beauty,2.0
construction_tools_lights,office_furniture,2.0
construction_tools_lights,fixed_telephony,2.0
construction_tools_lights,home_confort,2.0
construction_tools_lights,home_construction,2.0
construction_tools_lights,luggage_accessories,2.0
books_technical,home_construction,2.0
garden_tools,industry_commerce_and_business,2.0
garden_tools,la_cuisine,2.0
pc_gamer,sports_leisure,2.0
costruction_tools_tools,home_appliances_2,2.0
costruction_tools_tools,office_furniture,2.0
costruction_tools_tools,perfumery,2.0
costruction_tools_tools,pet_shop,2.0
fashion_bags_accessories,fashion_childrens_clothes,2.0
fashion_bags_accessories,flowers,2.0
party_supplies,pet_shop,2.0
party_supplies,stationery,2.0
consoles_games,industry_commerce_and_business,2.0
consoles_games,kitchen_dining_laundry_garden_furniture,2.0
books_technical,home_confort,2.0
party_supplies,watches_gifts,2.0
construction_tools_construction,market_place,2.0
books_technical,consoles_games,2.0
books_technical,costruction_tools_tools,2.0
consoles_games,dvds_blu_ray,2.0
consoles_games,fashio_female_clothing,2.0
construction_tools_construction,dvds_blu_ray,2.0
consoles_games,signaling_and_security,2.0
consoles_games,small_appliances,2.0
construction_tools_construction,flowers,2.0
construction_tools_construction,furniture_mattress_and_upholstery,2.0
books_technical,drinks,2.0
health_beauty,home_comfort_2,2.0
air_conditioning,computers,2.0
computers,perfumery,2.0
air_conditioning,books_general_interest,2.0
agro_industry_and_commerce,home_construction,2.0
agro_industry_and_commerce,fashion_shoes,2.0
agro_industry_and_commerce,furniture_living_room,1.0
agro_industry_and_commerce,fashion_male_clothing,1.0
agro_industry_and_commerce,fashion_underwear_beach,1.0
agro_industry_and_commerce,fixed_telephony,1.0
agro_industry_and_commerce,food_drink,1.0
housewares,la_cuisine,1.0
housewares,pc_gamer,1.0
housewares,security_and_services,1.0
fashion_male_clothing,food,1.0
fashion_male_clothing,furniture_bedroom,1.0
fashion_male_clothing,home_confort,1.0
fashion_male_clothing,la_cuisine,1.0
fashion_male_clothing,market_place,1.0
fashion_male_clothing,music,1.0
books_technical,fixed_telephony,1.0
books_technical,furniture_bedroom,1.0
health_beauty,pc_gamer,1.0
health_beauty,portateis_cozinha_e_preparadores_de_alimentos,1.0
health_beauty,security_and_services,1.0
musical_instruments,small_appliances_home_oven_and_coffee,1.0
air_conditioning,christmas_supplies,1.0
construction_tools_construction,construction_tools_lights,1.0
construction_tools_construction,fashio_female_clothing,1.0
office_furniture,party_supplies,1.0
construction_tools_construction,fashion_underwear_beach,1.0
construction_tools_construction,food_drink,1.0
books_technical,fashion_underwear_beach,1.0
books_imported,signaling_and_security,1.0
books_imported,small_appliances,1.0
books_imported,stationery,1.0
books_imported,tablets_printing_image,1.0
books_technical,christmas_supplies,1.0
books_technical,cine_photo,1.0
books_technical,construction_tools_lights,1.0
books_technical,costruction_tools_garden,1.0
construction_tools_lights,construction_tools_safety,1.0
garden_tools,portateis_cozinha_e_preparadores_de_alimentos,1.0
garden_tools,tablets_printing_image,1.0
construction_tools_construction,party_supplies,1.0
construction_tools_construction,home_confort,1.0
musical_instruments,party_supplies,1.0
consoles_games,home_comfort_2,1.0
consoles_games,music,1.0
consoles_games,party_supplies,1.0
home_appliances,music,1.0
books_technical,furniture_living_room,1.0
party_supplies,unknown,1.0
books_imported,garden_tools,1.0
garden_tools,party_supplies,1.0
garden_tools,pc_gamer,1.0
pc_gamer,signaling_and_security,1.0
pc_gamer,toys,1.0
pc_gamer,unknown,1.0
costruction_tools_tools,kitchen_dining_laundry_garden_furniture,1.0
construction_tools_construction,portateis_cozinha_e_preparadores_de_alimentos,1.0
party_supplies,perfumery,1.0
party_supplies,signaling_and_security,1.0
books_imported,fashion_shoes,1.0
books_technical,industry_commerce_and_business,1.0
books_technical,kitchen_dining_laundry_garden_furniture,1.0
books_technical,music,1.0
costruction_tools_tools,furniture_living_room,1.0
home_appliances,pc_gamer,1.0
music,toys,1.0
books_imported,food,1.0
books_imported,furniture_bedroom,1.0
construction_tools_construction,tablets_printing_image,1.0
electronics,furniture_bedroom,1.0
electronics,furniture_mattress_and_upholstery,1.0
electronics,industry_commerce_and_business,1.0
electronics,music,1.0
books_imported,home_appliances,1.0
construction_tools_lights,fashion_shoes,1.0
construction_tools_lights,fashion_underwear_beach,1.0
construction_tools_lights,furniture_bedroom,1.0
construction_tools_lights,musical_instruments,1.0
books_imported,fashion_male_clothing,1.0
perfumery,portateis_cozinha_e_preparadores_de_alimentos,1.0
perfumery,tablets_printing_image,1.0
construction_tools_lights,small_appliances_home_oven_and_coffee,1.0
books_imported,luggage_accessories,1.0
books_imported,market_place,1.0
books_imported,musical_instruments,1.0
books_imported,office_furniture,1.0
books_imported,perfumery,1.0
books_general_interest,small_appliances_home_oven_and_coffee,1.0
furniture_mattress_and_upholstery,telephony,1.0
books_imported,construction_tools_safety,1.0
consoles_games,fashion_male_clothing,1.0
consoles_games,fashion_sport,1.0
consoles_games,fashion_underwear_beach,1.0
consoles_games,furniture_bedroom,1.0
home_appliances,kitchen_dining_laundry_garden_furniture,1.0
home_appliances,market_place,1.0
books_general_interest,construction_tools_safety,1.0
books_general_interest,costruction_tools_tools,1.0
books_general_interest,drinks,1.0
books_general_interest,fashion_sport,1.0
books_general_interest,fixed_telephony,1.0
furniture_mattress_and_upholstery,office_furniture,1.0
furniture_mattress_and_upholstery,perfumery,1.0
books_general_interest,furniture_mattress_and_upholstery,1.0
books_general_interest,home_appliances_2,1.0
furniture_living_room,musical_instruments,1.0
furniture_living_room,party_supplies,1.0
furniture_living_room,small_appliances_home_oven_and_coffee,1.0
furniture_living_room,home_appliances_2,1.0
furniture_living_room,home_confort,1.0
furniture_living_room,home_construction,1.0
pet_shop,portateis_cozinha_e_preparadores_de_alimentos,1.0
books_general_interest,construction_tools_lights,1.0
music,office_furniture,1.0
music,pet_shop,1.0
music,stationery,1.0
costruction_tools_tools,electronics,1.0
costruction_tools_tools,fashion_bags_accessories,1.0
costruction_tools_tools,fixed_telephony,1.0
pet_shop,small_appliances_home_oven_and_coffee,1.0
bed_bath_table,tablets_printing_image,1.0
books_general_interest,computers,1.0
construction_tools_safety,fashion_male_clothing,1.0
construction_tools_safety,fashion_shoes,1.0
portateis_cozinha_e_preparadores_de_alimentos,stationery,1.0
portateis_cozinha_e_preparadores_de_alimentos,watches_gifts,1.0
security_and_services,sports_leisure,1.0
security_and_services,watches_gifts,1.0
diapers_and_hygiene,market_place,1.0
diapers_and_hygiene,office_furniture,1.0
electronics,portateis_cozinha_e_preparadores_de_alimentos,1.0
fashion_bags_accessories,la_cuisine,1.0
fashion_bags_accessories,pc_gamer,1.0
costruction_tools_garden,small_appliances,1.0
bed_bath_table,security_and_services,1.0
construction_tools_safety,signaling_and_security,1.0
furniture_decor,party_supplies,1.0
furniture_decor,tablets_printing_image,1.0
computers_accessories,portateis_cozinha_e_preparadores_de_alimentos,1.0
home_appliances_2,signaling_and_security,1.0
cds_dvds_musicals,housewares,1.0
bed_bath_table,home_comfort_2,1.0
furniture_bedroom,signaling_and_security,1.0
bed_bath_table,cds_dvds_musicals,1.0
construction_tools_safety,party_supplies,1.0
electronics,food_drink,1.0
construction_tools_safety,home_appliances,1.0
construction_tools_safety,home_comfort_2,1.0
construction_tools_safety,industry_commerce_and_business,1.0
construction_tools_safety,kitchen_dining_laundry_garden_furniture,1.0
cds_dvds_musicals,telephony,1.0
diapers_and_hygiene,fashion_bags_accessories,1.0
diapers_and_hygiene,garden_tools,1.0
diapers_and_hygiene,health_beauty,1.0
books_technical,signaling_and_security,1.0
books_technical,small_appliances,1.0
books_technical,small_appliances_home_oven_and_coffee,1.0
home_appliances_2,music,1.0
christmas_supplies,food,1.0
christmas_supplies,furniture_living_room,1.0
christmas_supplies,home_appliances_2,1.0
luggage_accessories,party_supplies,1.0
baby,pc_gamer,1.0
baby,tablets_printing_image,1.0
furniture_bedroom,furniture_living_room,1.0
construction_tools_safety,market_place,1.0
cool_stuff,fashio_female_clothing,1.0
construction_tools_safety,small_appliances_home_oven_and_coffee,1.0
furniture_bedroom,musical_instruments,1.0
cool_stuff,fashion_childrens_clothes,1.0
cool_stuff,flowers,1.0
small_appliances,tablets_printing_image,1.0
fashion_bags_accessories,portateis_cozinha_e_preparadores_de_alimentos,1.0
fashion_bags_accessories,security_and_services,1.0
fashion_bags_accessories,small_appliances_home_oven_and_coffee,1.0
fashion_bags_accessories,tablets_printing_image,1.0
baby,flowers,1.0
baby,home_comfort_2,1.0
baby,la_cuisine,1.0
home_comfort_2,housewares,1.0
home_comfort_2,musical_instruments,1.0
home_comfort_2,perfumery,1.0
computers_accessories,home_comfort_2,1.0
food_drink,signaling_and_security,1.0
cool_stuff,home_comfort_2,1.0
cool_stuff,la_cuisine,1.0
cool_stuff,music,1.0
baby,furniture_mattress_and_upholstery,1.0
food_drink,home_appliances_2,1.0
food_drink,kitchen_dining_laundry_garden_furniture,1.0
food_drink,market_place,1.0
food_drink,music,1.0
diapers_and_hygiene,stationery,1.0
diapers_and_hygiene,telephony,1.0
diapers_and_hygiene,toys,1.0
diapers_and_hygiene,unknown,1.0
christmas_supplies,construction_tools_safety,1.0
christmas_supplies,electronics,1.0
la_cuisine,unknown,1.0
food,signaling_and_security,1.0
food,small_appliances,1.0
cool_stuff,party_supplies,1.0
cool_stuff,pc_gamer,1.0
auto,tablets_printing_image,1.0
auto,home_comfort_2,1.0
food,furniture_living_room,1.0
food,kitchen_dining_laundry_garden_furniture,1.0
food,luggage_accessories,1.0
flowers,luggage_accessories,1.0
flowers,office_furniture,1.0
food,office_furniture,1.0
christmas_supplies,signaling_and_security,1.0
christmas_supplies,small_appliances,1.0
la_cuisine,telephony,1.0
la_cuisine,toys,1.0
cool_stuff,small_appliances_home_oven_and_coffee,1.0
audio,stationery,1.0
home_confort,kitchen_dining_laundry_garden_furniture,1.0
home_confort,la_cuisine,1.0
home_confort,music,1.0
flowers,health_beauty,1.0
flowers,housewares,1.0
audio,furniture_living_room,1.0
audio,garden_tools,1.0
audio,industry_commerce_and_business,1.0
audio,luggage_accessories,1.0
audio,party_supplies,1.0
audio,small_appliances,1.0
flowers,pet_shop,1.0
flowers,telephony,1.0
dvds_blu_ray,home_confort,1.0
dvds_blu_ray,kitchen_dining_laundry_garden_furniture,1.0
dvds_blu_ray,luggage_accessories,1.0
dvds_blu_ray,stationery,1.0
la_cuisine,luggage_accessories,1.0
la_cuisine,pet_shop,1.0
christmas_supplies,home_confort,1.0
christmas_supplies,home_construction,1.0
christmas_supplies,musical_instruments,1.0
audio,cine_photo,1.0
stationery,tablets_printing_image,1.0
fixed_telephony,food,1.0
fixed_telephony,food_drink,1.0
fixed_telephony,portateis_cozinha_e_preparadores_de_alimentos,1.0
fixed_telephony,signaling_and_security,1.0
fashion_childrens_clothes,sports_leisure,1.0
fashion_childrens_clothes,unknown,1.0
fashion_childrens_clothes,watches_gifts,1.0
tablets_printing_image,telephony,1.0
audio,books_general_interest,1.0
audio,books_imported,1.0
arts_and_craftmanship,luggage_accessories,1.0
audio,construction_tools_lights,1.0
computers_accessories,fashio_female_clothing,1.0
computers_accessories,fashion_childrens_clothes,1.0
fashio_female_clothing,pet_shop,1.0
fashio_female_clothing,stationery,1.0
fashio_female_clothing,telephony,1.0
fashion_childrens_clothes,fashion_shoes,1.0
fashion_childrens_clothes,furniture_decor,1.0
fashion_childrens_clothes,health_beauty,1.0
fashion_childrens_clothes,housewares,1.0
fashion_childrens_clothes,kitchen_dining_laundry_garden_furniture,1.0
audio,fashion_male_clothing,1.0
audio,fashion_shoes,1.0
audio,food,1.0
arts_and_craftmanship,furniture_bedroom,1.0
arts_and_craftmanship,garden_tools,1.0
arts_and_craftmanship,home_construction,1.0
dvds_blu_ray,furniture_living_room,1.0
dvds_blu_ray,home_appliances,1.0
fashion_underwear_beach,home_appliances,1.0
fashion_underwear_beach,home_appliances_2,1.0
fashion_underwear_beach,home_comfort_2,1.0
fashion_underwear_beach,security_and_services,1.0
fashion_underwear_beach,signaling_and_security,1.0
arts_and_craftmanship,perfumery,1.0
arts_and_craftmanship,small_appliances,1.0
costruction_tools_garden,dvds_blu_ray,1.0
costruction_tools_garden,fashion_shoes,1.0
costruction_tools_garden,fashion_underwear_beach,1.0
costruction_tools_garden,fixed_telephony,1.0
arts_and_craftmanship,fashion_bags_accessories,1.0
arts_and_craftmanship,fixed_telephony,1.0
dvds_blu_ray,fashion_underwear_beach,1.0
industry_commerce_and_business,small_appliances,1.0
fashio_female_clothing,fashion_shoes,1.0
dvds_blu_ray,fixed_telephony,1.0
fashio_female_clothing,fashion_sport,1.0
fashio_female_clothing,food,1.0
fashio_female_clothing,furniture_living_room,1.0
fashio_female_clothing,home_construction,1.0
fashio_female_clothing,musical_instruments,1.0
fashio_female_clothing,office_furniture,1.0
fashio_female_clothing,perfumery,1.0
computers,signaling_and_security,1.0
cine_photo,garden_tools,1.0
cine_photo,office_furniture,1.0
art,unknown,1.0
arts_and_craftmanship,baby,1.0
arts_and_craftmanship,books_general_interest,1.0
arts_and_craftmanship,books_technical,1.0
arts_and_craftmanship,construction_tools_construction,1.0
fashion_sport,signaling_and_security,1.0
fashion_underwear_beach,food,1.0
fashion_underwear_beach,furniture_living_room,1.0
fashion_underwear_beach,small_appliances_home_oven_and_coffee,1.0
cine_photo,construction_tools_safety,1.0
cine_photo,fashion_sport,1.0
cine_photo,fixed_telephony,1.0
cine_photo,furniture_living_room,1.0
art,musical_instruments,1.0
art,office_furniture,1.0
art,party_supplies,1.0
fashion_sport,garden_tools,1.0
fashion_sport,home_appliances,1.0
fashion_sport,market_place,1.0
fashion_sport,perfumery,1.0
drinks,kitchen_dining_laundry_garden_furniture,1.0
fashion_sport,stationery,1.0
art,signaling_and_security,1.0
art,books_general_interest,1.0
art,books_technical,1.0
art,electronics,1.0
art,fixed_telephony,1.0
art,food,1.0
art,furniture_living_room,1.0
fashion_shoes,fashion_sport,1.0
fashion_shoes,furniture_living_room,1.0
fashion_shoes,furniture_mattress_and_upholstery,1.0
fashion_shoes,kitchen_dining_laundry_garden_furniture,1.0
air_conditioning,party_supplies,1.0
air_conditioning,signaling_and_security,1.0
fashion_sport,fixed_telephony,1.0
air_conditioning,home_appliances_2,1.0
air_conditioning,home_confort,1.0
air_conditioning,home_construction,1.0
drinks,small_appliances_home_oven_and_coffee,1.0
air_conditioning,musical_instruments,1.0
computers,costruction_tools_garden,1.0
computers,electronics,1.0
computers,fashion_shoes,1.0
computers,fixed_telephony,1.0
computers,garden_tools,1.0
home_construction,music,1.0
home_construction,party_supplies,1.0
cine_photo,pet_shop,1.0
cine_photo,small_appliances,1.0
cine_photo,small_appliances_home_oven_and_coffee,1.0
cine_photo,toys,1.0
cine_photo,unknown,1.0
air_conditioning,small_appliances,1.0
air_conditioning,small_appliances_home_oven_and_coffee,1.0
costruction_tools_garden,flowers,1.0
costruction_tools_garden,furniture_bedroom,1.0
costruction_tools_garden,home_appliances_2,1.0
costruction_tools_garden,kitchen_dining_laundry_garden_furniture,1.0
costruction_tools_garden,music,1.0
costruction_tools_garden,office_furniture,1.0
drinks,portateis_cozinha_e_preparadores_de_alimentos,1.0
drinks,small_appliances,1.0
agro_industry_and_commerce,small_appliances_home_oven_and_coffee,1.0
agro_industry_and_commerce,air_conditioning,1.0
agro_industry_and_commerce,home_appliances_2,1.0
drinks,home_appliances_2,1.0
agro_industry_and_commerce,drinks,1.0
air_conditioning,books_technical,1.0
drinks,fashion_underwear_beach,1.0
drinks,fixed_telephony,1.0
drinks,food_drink,1.0
drinks,furniture_living_room,1.0
air_conditioning,construction_tools_lights,1.0
air_conditioning,drinks,1.0
air_conditioning,fashion_shoes,1.0
agro_industry_and_commerce,computers,1.0
computers,music,1.0
air_conditioning,fashion_sport,1.0
agro_industry_and_commerce,industry_commerce_and_business,1.0
agro_industry_and_commerce,office_furniture,1.0
agro_industry_and_commerce,signaling_and_security,1.0
agro_industry_and_commerce,small_appliances,1.0
